{"mean_growth": 0.034621599970371085, "std_growth": 0.012109588322754114, "target": "urban_pct"}